"gameDate","chosenTeam","homeaway","oppTeam"
"20151027","ATL","home","DET"
"20151027","CHI","home","CLE"
"20151027","CLE","away","CHI"
"20151027","DET","away","ATL"
"20151027","GS","home","NOR"
"20151027","NOR","away","GS"
"20151028","BOS","home","PHI"
"20151028","BKN","home","CHI"
"20151028","CHA","away","MIA"
"20151028","CHI","away","BKN"
"20151028","CLE","away","MEM"
"20151028","DAL","away","PHO"
"20151028","DEN","away","HOU"
"20151028","DET","home","UTA"
"20151028","HOU","home","DEN"
"20151028","IND","away","TOR"
"20151028","LAC","away","SAC"
"20151028","LAL","home","MIN"
"20151028","MEM","home","CLE"
"20151028","MIA","home","CHA"
"20151028","MIL","home","NYK"
"20151028","MIN","away","LAL"
"20151028","NOR","away","POR"
"20151028","NY","away","MIL"
"20151028","OKC","home","SAS"
"20151028","ORL","home","WSH"
"20151028","PHI","away","BOS"
"20151028","PHO","home","DAL"
"20151028","POR","home","NOR"
"20151028","SAC","home","LAC"
"20151028","SA","away","OKC"
"20151028","TOR","home","IND"
"20151028","UTA","away","DET"
"20151028","WSH","away","ORL"
"20151029","ATL","away","NYK"
"20151029","DAL","away","LAC"
"20151029","IND","home","MEM"
"20151029","LAC","home","DAL"
"20151029","MEM","away","IND"
"20151029","NY","home","ATL"
"20151030","ATL","home","CHA"
"20151030","BOS","home","TOR"
"20151030","BKN","away","SAS"
"20151030","CHA","away","ATL"
"20151030","CHI","away","DET"
"20151030","CLE","home","MIA"
"20151030","DEN","home","MIN"
"20151030","DET","home","CHI"
"20151030","GS","away","HOU"
"20151030","HOU","home","GS"
"20151030","LAL","away","SAC"
"20151030","MIA","away","CLE"
"20151030","MIL","home","WSH"
"20151030","MIN","away","DEN"
"20151030","OKC","away","ORL"
"20151030","ORL","home","OKC"
"20151030","PHI","home","UTA"
"20151030","PHO","home","POR"
"20151030","POR","away","PHO"
"20151030","SAC","home","LAL"
"20151030","SA","home","BKN"
"20151030","TOR","away","BOS"
"20151030","UTA","away","PHI"
"20151030","WSH","away","MIL"
"20151031","BKN","away","MEM"
"20151031","GS","away","NOR"
"20151031","IND","home","UTA"
"20151031","LAC","home","SAC"
"20151031","MEM","home","BKN"
"20151031","NOR","home","GS"
"20151031","NY","away","WSH"
"20151031","PHO","away","POR"
"20151031","POR","home","PHO"
"20151031","SAC","away","LAC"
"20151031","UTA","away","IND"
"20151031","WSH","home","NYK"
"20151101","ATL","away","CHA"
"20151101","BOS","home","SAS"
"20151101","CHA","home","ATL"
"20151101","CHI","home","ORL"
"20151101","DAL","away","LAL"
"20151101","DEN","away","OKC"
"20151101","HOU","away","MIA"
"20151101","LAL","home","DAL"
"20151101","MIA","home","HOU"
"20151101","MIL","away","TOR"
"20151101","OKC","home","DEN"
"20151101","ORL","away","CHI"
"20151101","SA","away","BOS"
"20151101","TOR","home","MIL"
"20151102","BKN","home","MIL"
"20151102","CLE","away","PHI"
"20151102","GS","home","MEM"
"20151102","HOU","home","OKC"
"20151102","LAC","home","PHO"
"20151102","MEM","away","GS"
"20151102","MIL","away","BKN"
"20151102","MIN","home","POR"
"20151102","NY","home","SAS"
"20151102","OKC","away","HOU"
"20151102","PHI","home","CLE"
"20151102","PHO","away","LAC"
"20151102","POR","away","MIN"
"20151102","SA","away","NYK"
"20151103","ATL","away","MIA"
"20151103","CHA","home","CHI"
"20151103","CHI","away","CHA"
"20151103","DAL","home","TOR"
"20151103","DEN","away","LAL"
"20151103","DET","home","IND"
"20151103","IND","away","DET"
"20151103","LAL","home","DEN"
"20151103","MEM","away","SAC"
"20151103","MIA","home","ATL"
"20151103","NOR","home","ORL"
"20151103","ORL","away","NOR"
"20151103","SAC","home","MEM"
"20151103","TOR","away","DAL"
"20151104","ATL","home","BKN"
"20151104","BOS","away","IND"
"20151104","BKN","away","ATL"
"20151104","CLE","home","NYK"
"20151104","GS","home","LAC"
"20151104","HOU","home","ORL"
"20151104","IND","home","BOS"
"20151104","LAC","away","GS"
"20151104","MIL","home","PHI"
"20151104","NY","away","CLE"
"20151104","OKC","home","TOR"
"20151104","ORL","away","HOU"
"20151104","PHI","away","MIL"
"20151104","PHO","home","SAC"
"20151104","POR","away","UTA"
"20151104","SAC","away","PHO"
"20151104","SA","away","WSH"
"20151104","TOR","away","OKC"
"20151104","UTA","home","POR"
"20151104","WSH","home","SAS"
"20151105","CHA","away","DAL"
"20151105","CHI","home","OKC"
"20151105","DAL","home","CHA"
"20151105","DEN","home","UTA"
"20151105","MEM","away","POR"
"20151105","MIA","away","MIN"
"20151105","MIN","home","MIA"
"20151105","OKC","away","CHI"
"20151105","POR","home","MEM"
"20151105","UTA","away","DEN"
"20151106","ATL","away","NOR"
"20151106","BOS","home","WSH"
"20151106","BKN","home","LAL"
"20151106","CLE","home","PHI"
"20151106","DEN","away","GS"
"20151106","DET","away","PHO"
"20151106","GS","home","DEN"
"20151106","HOU","away","SAC"
"20151106","IND","home","MIA"
"20151106","LAL","away","BKN"
"20151106","MIA","away","IND"
"20151106","MIL","away","NYK"
"20151106","NOR","home","ATL"
"20151106","NY","home","MIL"
"20151106","ORL","home","TOR"
"20151106","PHI","away","CLE"
"20151106","PHO","home","DET"
"20151106","SAC","home","HOU"
"20151106","TOR","away","ORL"
"20151106","WSH","away","BOS"
"20151107","ATL","home","WSH"
"20151107","BKN","away","MIL"
"20151107","CHA","away","SAS"
"20151107","CHI","home","MIN"
"20151107","DAL","home","NOR"
"20151107","GS","away","SAC"
"20151107","HOU","away","LAC"
"20151107","LAC","home","HOU"
"20151107","MEM","away","UTA"
"20151107","MIL","home","BKN"
"20151107","MIN","away","CHI"
"20151107","NOR","away","DAL"
"20151107","ORL","away","PHI"
"20151107","PHI","home","ORL"
"20151107","SAC","home","GS"
"20151107","SA","home","CHA"
"20151107","UTA","home","MEM"
"20151107","WSH","away","ATL"
"20151108","CLE","home","IND"
"20151108","DET","away","POR"
"20151108","IND","away","CLE"
"20151108","LAL","away","NYK"
"20151108","MIA","home","TOR"
"20151108","NY","home","LAL"
"20151108","OKC","home","PHO"
"20151108","PHO","away","OKC"
"20151108","POR","home","DET"
"20151108","TOR","away","MIA"
"20151109","ATL","home","MIN"
"20151109","CHI","away","PHI"
"20151109","DEN","home","POR"
"20151109","DET","away","GS"
"20151109","GS","home","DET"
"20151109","IND","home","ORL"
"20151109","LAC","home","MEM"
"20151109","MEM","away","LAC"
"20151109","MIN","away","ATL"
"20151109","ORL","away","IND"
"20151109","PHI","home","CHI"
"20151109","POR","away","DEN"
"20151109","SAC","home","SAS"
"20151109","SA","away","SAC"
"20151110","BOS","away","MIL"
"20151110","CHA","away","MIN"
"20151110","CLE","home","UTA"
"20151110","DAL","away","NOR"
"20151110","LAL","away","MIA"
"20151110","MIA","home","LAL"
"20151110","MIL","home","BOS"
"20151110","MIN","home","CHA"
"20151110","NOR","home","DAL"
"20151110","NY","away","TOR"
"20151110","OKC","away","WSH"
"20151110","TOR","home","NYK"
"20151110","UTA","away","CLE"
"20151110","WSH","home","OKC"
"20151111","ATL","home","NOR"
"20151111","BOS","home","IND"
"20151111","BKN","away","HOU"
"20151111","CHA","home","NYK"
"20151111","DAL","home","LAC"
"20151111","DEN","home","MIL"
"20151111","DET","away","SAC"
"20151111","GS","away","MEM"
"20151111","HOU","home","BKN"
"20151111","IND","away","BOS"
"20151111","LAC","away","DAL"
"20151111","LAL","away","ORL"
"20151111","MEM","home","GS"
"20151111","MIL","away","DEN"
"20151111","NOR","away","ATL"
"20151111","NY","away","CHA"
"20151111","ORL","home","LAL"
"20151111","PHI","home","TOR"
"20151111","POR","home","SAS"
"20151111","SAC","home","DET"
"20151111","SA","away","POR"
"20151111","TOR","away","PHI"
"20151112","GS","away","MIN"
"20151112","LAC","away","PHO"
"20151112","MIA","home","UTA"
"20151112","MIN","home","GS"
"20151112","PHO","home","LAC"
"20151112","UTA","away","MIA"
"20151113","ATL","away","BOS"
"20151113","BOS","home","ATL"
"20151113","BKN","away","SAC"
"20151113","CHA","away","CHI"
"20151113","CHI","home","CHA"
"20151113","CLE","away","NYK"
"20151113","DAL","home","LAL"
"20151113","DEN","home","HOU"
"20151113","HOU","away","DEN"
"20151113","IND","home","MIN"
"20151113","LAL","away","DAL"
"20151113","MEM","home","POR"
"20151113","MIN","away","IND"
"20151113","NOR","away","TOR"
"20151113","NY","home","CLE"
"20151113","OKC","home","PHI"
"20151113","ORL","home","UTA"
"20151113","PHI","away","OKC"
"20151113","POR","away","MEM"
"20151113","SAC","home","BKN"
"20151113","TOR","home","NOR"
"20151113","UTA","away","ORL"
"20151114","BKN","away","GS"
"20151114","CLE","away","MIL"
"20151114","DAL","away","HOU"
"20151114","DEN","away","PHO"
"20151114","DET","away","LAC"
"20151114","GS","home","BKN"
"20151114","HOU","home","DAL"
"20151114","LAC","home","DET"
"20151114","MIL","home","CLE"
"20151114","ORL","away","WSH"
"20151114","PHI","away","SAS"
"20151114","PHO","home","DEN"
"20151114","SA","home","PHI"
"20151114","WSH","home","ORL"
"20151115","ATL","home","UTA"
"20151115","BOS","away","OKC"
"20151115","CHA","home","POR"
"20151115","DET","away","LAL"
"20151115","LAL","home","DET"
"20151115","MEM","away","MIN"
"20151115","MIN","home","MEM"
"20151115","NOR","away","NYK"
"20151115","NY","home","NOR"
"20151115","OKC","home","BOS"
"20151115","POR","away","CHA"
"20151115","SAC","home","TOR"
"20151115","TOR","away","SAC"
"20151115","UTA","away","ATL"
"20151116","BOS","away","HOU"
"20151116","CHI","home","IND"
"20151116","DAL","away","PHI"
"20151116","HOU","home","BOS"
"20151116","IND","away","CHI"
"20151116","LAL","away","PHO"
"20151116","MEM","home","OKC"
"20151116","OKC","away","MEM"
"20151116","PHI","home","DAL"
"20151116","PHO","home","LAL"
"20151116","POR","away","SAS"
"20151116","SA","home","POR"
"20151117","ATL","away","BKN"
"20151117","BKN","home","ATL"
"20151117","CHA","away","NYK"
"20151117","CLE","away","DET"
"20151117","DEN","away","NOR"
"20151117","DET","home","CLE"
"20151117","GS","home","TOR"
"20151117","MIA","home","MIN"
"20151117","MIL","away","WSH"
"20151117","MIN","away","MIA"
"20151117","NOR","home","DEN"
"20151117","NY","home","CHA"
"20151117","TOR","away","GS"
"20151117","WSH","home","MIL"
"20151118","ATL","home","SAC"
"20151118","BOS","home","DAL"
"20151118","BKN","away","CHA"
"20151118","CHA","home","BKN"
"20151118","CHI","away","PHO"
"20151118","DAL","away","BOS"
"20151118","DEN","away","SAS"
"20151118","HOU","home","POR"
"20151118","IND","away","PHI"
"20151118","MIN","away","ORL"
"20151118","NOR","away","OKC"
"20151118","OKC","home","NOR"
"20151118","ORL","home","MIN"
"20151118","PHI","home","IND"
"20151118","PHO","home","CHI"
"20151118","POR","away","HOU"
"20151118","SAC","away","ATL"
"20151118","SA","home","DEN"
"20151118","TOR","away","UTA"
"20151118","UTA","home","TOR"
"20151119","CLE","home","MIL"
"20151119","GS","away","LAC"
"20151119","LAC","home","GS"
"20151119","MIA","home","SAC"
"20151119","MIL","away","CLE"
"20151119","SAC","away","MIA"
"20151120","BOS","home","BKN"
"20151120","BKN","away","BOS"
"20151120","CHA","home","PHI"
"20151120","CHI","away","GS"
"20151120","DAL","home","UTA"
"20151120","DEN","home","PHO"
"20151120","DET","away","MIN"
"20151120","GS","home","CHI"
"20151120","HOU","away","MEM"
"20151120","LAC","away","POR"
"20151120","LAL","home","TOR"
"20151120","MEM","home","HOU"
"20151120","MIN","home","DET"
"20151120","NOR","home","SAS"
"20151120","NY","away","OKC"
"20151120","OKC","home","NYK"
"20151120","PHI","away","CHA"
"20151120","PHO","away","DEN"
"20151120","POR","home","LAC"
"20151120","SA","away","NOR"
"20151120","TOR","away","LAL"
"20151120","UTA","away","DAL"
"20151121","ATL","away","CLE"
"20151121","CLE","home","ATL"
"20151121","DET","home","WSH"
"20151121","HOU","home","NYK"
"20151121","IND","home","MIL"
"20151121","MEM","away","SAS"
"20151121","MIA","home","PHI"
"20151121","MIL","away","IND"
"20151121","NY","away","HOU"
"20151121","ORL","home","SAC"
"20151121","PHI","away","MIA"
"20151121","SAC","away","ORL"
"20151121","SA","home","MEM"
"20151121","WSH","away","DET"
"20151122","BOS","away","BKN"
"20151122","BKN","home","BOS"
"20151122","DAL","away","OKC"
"20151122","DEN","home","GS"
"20151122","GS","away","DEN"
"20151122","LAC","home","TOR"
"20151122","LAL","home","POR"
"20151122","NOR","home","PHO"
"20151122","OKC","home","DAL"
"20151122","PHO","away","NOR"
"20151122","POR","away","LAL"
"20151122","TOR","away","LAC"
"20151123","CHA","home","SAC"
"20151123","CLE","home","ORL"
"20151123","DET","away","MIL"
"20151123","MIA","home","NYK"
"20151123","MIL","home","DET"
"20151123","MIN","home","PHI"
"20151123","NY","away","MIA"
"20151123","OKC","away","UTA"
"20151123","ORL","away","CLE"
"20151123","PHI","away","MIN"
"20151123","PHO","away","SAS"
"20151123","SAC","away","CHA"
"20151123","SA","home","PHO"
"20151123","UTA","home","OKC"
"20151124","ATL","home","BOS"
"20151124","BOS","away","ATL"
"20151124","CHI","away","POR"
"20151124","DAL","away","MEM"
"20151124","DEN","home","LAC"
"20151124","GS","home","LAL"
"20151124","IND","away","WSH"
"20151124","LAC","away","DEN"
"20151124","LAL","away","GS"
"20151124","MEM","home","DAL"
"20151124","POR","home","CHI"
"20151124","WSH","home","IND"
"20151125","ATL","away","MIN"
"20151125","BOS","home","PHI"
"20151125","BKN","away","OKC"
"20151125","CHA","home","WSH"
"20151125","CLE","away","TOR"
"20151125","DAL","away","SAS"
"20151125","DET","home","MIA"
"20151125","HOU","home","MEM"
"20151125","LAC","home","UTA"
"20151125","MEM","away","HOU"
"20151125","MIA","away","DET"
"20151125","MIL","home","SAC"
"20151125","MIN","home","ATL"
"20151125","NOR","away","PHO"
"20151125","NY","away","ORL"
"20151125","OKC","home","BKN"
"20151125","ORL","home","NYK"
"20151125","PHI","away","BOS"
"20151125","PHO","home","NOR"
"20151125","SAC","away","MIL"
"20151125","SA","home","DAL"
"20151125","TOR","home","CLE"
"20151125","UTA","away","LAC"
"20151125","WSH","away","CHA"
"20151127","ATL","away","MEM"
"20151127","BOS","home","WSH"
"20151127","CHA","home","CLE"
"20151127","CHI","away","IND"
"20151127","CLE","away","CHA"
"20151127","DEN","home","SAS"
"20151127","DET","away","OKC"
"20151127","GS","away","PHO"
"20151127","HOU","home","PHI"
"20151127","IND","home","CHI"
"20151127","LAC","home","NOR"
"20151127","MEM","home","ATL"
"20151127","MIA","away","NYK"
"20151127","MIL","away","ORL"
"20151127","MIN","away","SAC"
"20151127","NOR","away","LAC"
"20151127","NY","home","MIA"
"20151127","OKC","home","DET"
"20151127","ORL","home","MIL"
"20151127","PHI","away","HOU"
"20151127","PHO","home","GS"
"20151127","SAC","home","MIN"
"20151127","SA","away","DEN"
"20151127","WSH","away","BOS"
"20151128","ATL","away","SAS"
"20151128","BKN","away","CLE"
"20151128","CLE","home","BKN"
"20151128","DAL","home","DEN"
"20151128","DEN","away","DAL"
"20151128","GS","home","SAC"
"20151128","LAL","away","POR"
"20151128","NOR","away","UTA"
"20151128","POR","home","LAL"
"20151128","SAC","away","GS"
"20151128","SA","home","ATL"
"20151128","TOR","away","WSH"
"20151128","UTA","home","NOR"
"20151128","WSH","home","TOR"
"20151129","BOS","away","ORL"
"20151129","BKN","home","DET"
"20151129","CHA","home","MIL"
"20151129","DET","away","BKN"
"20151129","HOU","away","NYK"
"20151129","IND","away","LAL"
"20151129","LAC","home","MIN"
"20151129","LAL","home","IND"
"20151129","MEM","home","PHI"
"20151129","MIL","away","CHA"
"20151129","MIN","away","LAC"
"20151129","NY","home","HOU"
"20151129","ORL","home","BOS"
"20151129","PHI","away","MEM"
"20151129","PHO","away","TOR"
"20151129","TOR","home","PHO"
"20151130","ATL","home","OKC"
"20151130","BOS","away","MIA"
"20151130","CHI","home","SAS"
"20151130","DAL","away","SAC"
"20151130","DEN","away","MIL"
"20151130","DET","home","HOU"
"20151130","GS","away","UTA"
"20151130","HOU","away","DET"
"20151130","LAC","home","POR"
"20151130","MIA","home","BOS"
"20151130","MIL","home","DEN"
"20151130","OKC","away","ATL"
"20151130","POR","away","LAC"
"20151130","SAC","home","DAL"
"20151130","SA","away","CHI"
"20151130","UTA","home","GS"
"20151201","BKN","home","PHO"
"20151201","CLE","home","WSH"
"20151201","DAL","away","POR"
"20151201","LAL","away","PHI"
"20151201","MEM","away","NOR"
"20151201","MIN","home","ORL"
"20151201","NOR","home","MEM"
"20151201","ORL","away","MIN"
"20151201","PHI","home","LAL"
"20151201","PHO","away","BKN"
"20151201","POR","home","DAL"
"20151201","WSH","away","CLE"
"20151202","ATL","home","TOR"
"20151202","CHA","home","GS"
"20151202","CHI","home","DEN"
"20151202","DEN","away","CHI"
"20151202","DET","home","PHO"
"20151202","GS","away","CHA"
"20151202","HOU","home","NOR"
"20151202","IND","away","LAC"
"20151202","LAC","home","IND"
"20151202","LAL","away","WSH"
"20151202","MIL","away","SAS"
"20151202","NOR","away","HOU"
"20151202","NY","home","PHI"
"20151202","PHI","away","NYK"
"20151202","PHO","away","DET"
"20151202","SA","home","MIL"
"20151202","TOR","away","ATL"
"20151202","WSH","home","LAL"
"20151203","BOS","away","SAC"
"20151203","DEN","away","TOR"
"20151203","IND","away","POR"
"20151203","MEM","home","SAS"
"20151203","MIA","home","OKC"
"20151203","OKC","away","MIA"
"20151203","ORL","away","UTA"
"20151203","POR","home","IND"
"20151203","SAC","home","BOS"
"20151203","SA","away","MEM"
"20151203","TOR","home","DEN"
"20151203","UTA","home","ORL"
"20151204","ATL","home","LAL"
"20151204","BKN","away","NYK"
"20151204","CLE","away","NOR"
"20151204","DAL","home","HOU"
"20151204","DET","home","MIL"
"20151204","HOU","away","DAL"
"20151204","LAL","away","ATL"
"20151204","MIL","away","DET"
"20151204","NOR","home","CLE"
"20151204","NY","home","BKN"
"20151204","PHO","away","WSH"
"20151204","WSH","home","PHO"
"20151205","BOS","away","SAS"
"20151205","CHA","away","CHI"
"20151205","CHI","home","CHA"
"20151205","CLE","away","MIA"
"20151205","DEN","away","PHI"
"20151205","GS","away","TOR"
"20151205","HOU","home","SAC"
"20151205","IND","away","UTA"
"20151205","LAC","home","ORL"
"20151205","MIA","home","CLE"
"20151205","MIL","home","NYK"
"20151205","MIN","home","POR"
"20151205","NY","away","MIL"
"20151205","ORL","away","LAC"
"20151205","PHI","home","DEN"
"20151205","POR","away","MIN"
"20151205","SAC","away","HOU"
"20151205","SA","home","BOS"
"20151205","TOR","home","GS"
"20151205","UTA","home","IND"
"20151206","BKN","home","GS"
"20151206","DAL","away","WSH"
"20151206","DET","home","LAL"
"20151206","GS","away","BKN"
"20151206","LAL","away","DET"
"20151206","MEM","home","PHO"
"20151206","OKC","home","SAC"
"20151206","PHO","away","MEM"
"20151206","SAC","away","OKC"
"20151206","WSH","home","DAL"
"20151207","BOS","away","NOR"
"20151207","CHA","home","DET"
"20151207","CHI","home","PHO"
"20151207","DAL","away","NYK"
"20151207","DET","away","CHA"
"20151207","LAC","away","MIN"
"20151207","LAL","away","TOR"
"20151207","MIA","home","WSH"
"20151207","MIL","home","POR"
"20151207","MIN","home","LAC"
"20151207","NOR","home","BOS"
"20151207","NY","home","DAL"
"20151207","PHI","home","SAS"
"20151207","PHO","away","CHI"
"20151207","POR","away","MIL"
"20151207","SA","away","PHI"
"20151207","TOR","home","LAL"
"20151207","WSH","away","MIA"
"20151208","BKN","home","HOU"
"20151208","CLE","home","POR"
"20151208","DEN","home","ORL"
"20151208","GS","away","IND"
"20151208","HOU","away","BKN"
"20151208","IND","home","GS"
"20151208","MEM","home","OKC"
"20151208","OKC","away","MEM"
"20151208","ORL","away","DEN"
"20151208","POR","away","CLE"
"20151208","SAC","home","UTA"
"20151208","UTA","away","SAC"
"20151209","ATL","away","DAL"
"20151209","BOS","home","CHI"
"20151209","CHA","home","MIA"
"20151209","CHI","away","BOS"
"20151209","DAL","home","ATL"
"20151209","DET","home","MEM"
"20151209","HOU","away","WSH"
"20151209","LAC","away","MIL"
"20151209","LAL","away","MIN"
"20151209","MEM","away","DET"
"20151209","MIA","away","CHA"
"20151209","MIL","home","LAC"
"20151209","MIN","home","LAL"
"20151209","NY","away","UTA"
"20151209","ORL","away","PHO"
"20151209","PHO","home","ORL"
"20151209","SA","away","TOR"
"20151209","TOR","home","SAS"
"20151209","UTA","home","NYK"
"20151209","WSH","home","HOU"
"20151210","ATL","away","OKC"
"20151210","BKN","home","PHI"
"20151210","CHI","home","LAC"
"20151210","LAC","away","CHI"
"20151210","NY","away","SAC"
"20151210","OKC","home","ATL"
"20151210","PHI","away","BKN"
"20151210","SAC","home","NYK"
"20151211","BOS","home","GS"
"20151211","CHA","away","MEM"
"20151211","CLE","away","ORL"
"20151211","DEN","home","MIN"
"20151211","DET","away","PHI"
"20151211","GS","away","BOS"
"20151211","IND","home","MIA"
"20151211","LAL","away","SAS"
"20151211","MEM","home","CHA"
"20151211","MIA","away","IND"
"20151211","MIL","away","TOR"
"20151211","MIN","away","DEN"
"20151211","NOR","home","WSH"
"20151211","OKC","away","UTA"
"20151211","ORL","home","CLE"
"20151211","PHI","home","DET"
"20151211","PHO","home","POR"
"20151211","POR","away","PHO"
"20151211","SA","home","LAL"
"20151211","TOR","home","MIL"
"20151211","UTA","home","OKC"
"20151211","WSH","away","NOR"
"20151212","ATL","home","SAS"
"20151212","BOS","away","CHA"
"20151212","BKN","home","LAC"
"20151212","CHA","home","BOS"
"20151212","CHI","home","NOR"
"20151212","DAL","home","WSH"
"20151212","DET","home","IND"
"20151212","GS","away","MIL"
"20151212","HOU","home","LAL"
"20151212","IND","away","DET"
"20151212","LAC","away","BKN"
"20151212","LAL","away","HOU"
"20151212","MIL","home","GS"
"20151212","NOR","away","CHI"
"20151212","NY","away","POR"
"20151212","POR","home","NYK"
"20151212","SA","away","ATL"
"20151212","WSH","away","DAL"
"20151213","MEM","away","MIA"
"20151213","MIA","home","MEM"
"20151213","MIN","away","PHO"
"20151213","OKC","home","UTA"
"20151213","PHI","away","TOR"
"20151213","PHO","home","MIN"
"20151213","TOR","home","PHI"
"20151213","UTA","away","OKC"
"20151214","ATL","home","MIA"
"20151214","BKN","home","ORL"
"20151214","CHI","home","PHI"
"20151214","DAL","home","PHO"
"20151214","DEN","home","HOU"
"20151214","DET","home","LAC"
"20151214","HOU","away","DEN"
"20151214","IND","home","TOR"
"20151214","LAC","away","DET"
"20151214","MEM","home","WSH"
"20151214","MIA","away","ATL"
"20151214","NOR","away","POR"
"20151214","ORL","away","BKN"
"20151214","PHI","away","CHI"
"20151214","PHO","away","DAL"
"20151214","POR","home","NOR"
"20151214","SA","home","UTA"
"20151214","TOR","away","IND"
"20151214","UTA","away","SAS"
"20151214","WSH","away","MEM"
"20151215","BOS","home","CLE"
"20151215","CLE","away","BOS"
"20151215","DEN","away","MIN"
"20151215","HOU","away","SAC"
"20151215","LAL","home","MIL"
"20151215","MIL","away","LAL"
"20151215","MIN","home","DEN"
"20151215","SAC","home","HOU"
"20151216","ATL","home","PHI"
"20151216","BOS","away","DET"
"20151216","BKN","home","MIA"
"20151216","CHA","away","ORL"
"20151216","CHI","home","MEM"
"20151216","DAL","away","IND"
"20151216","DET","home","BOS"
"20151216","GS","home","PHO"
"20151216","IND","home","DAL"
"20151216","LAC","home","MIL"
"20151216","MEM","away","CHI"
"20151216","MIA","away","BKN"
"20151216","MIL","away","LAC"
"20151216","MIN","away","NYK"
"20151216","NOR","away","UTA"
"20151216","NY","home","MIN"
"20151216","OKC","home","POR"
"20151216","ORL","home","CHA"
"20151216","PHI","away","ATL"
"20151216","PHO","away","GS"
"20151216","POR","away","OKC"
"20151216","SA","home","WSH"
"20151216","UTA","home","NOR"
"20151216","WSH","away","SAS"
"20151217","CHA","home","TOR"
"20151217","CLE","home","OKC"
"20151217","HOU","away","LAL"
"20151217","LAL","home","HOU"
"20151217","OKC","away","CLE"
"20151217","TOR","away","CHA"
"20151218","ATL","away","BOS"
"20151218","BOS","home","ATL"
"20151218","BKN","away","IND"
"20151218","CHI","home","DET"
"20151218","DAL","home","MEM"
"20151218","DEN","away","UTA"
"20151218","DET","away","CHI"
"20151218","GS","home","MIL"
"20151218","IND","home","BKN"
"20151218","LAC","away","SAS"
"20151218","MEM","away","DAL"
"20151218","MIA","home","TOR"
"20151218","MIL","away","GS"
"20151218","MIN","home","SAC"
"20151218","NOR","away","PHO"
"20151218","NY","away","PHI"
"20151218","ORL","home","POR"
"20151218","PHI","home","NYK"
"20151218","PHO","home","NOR"
"20151218","POR","away","ORL"
"20151218","SAC","away","MIN"
"20151218","SA","home","LAC"
"20151218","TOR","away","MIA"
"20151218","UTA","home","DEN"
"20151219","CHA","away","WSH"
"20151219","CHI","away","NYK"
"20151219","HOU","home","LAC"
"20151219","IND","away","MEM"
"20151219","LAC","away","HOU"
"20151219","LAL","away","OKC"
"20151219","MEM","home","IND"
"20151219","NY","home","CHI"
"20151219","OKC","home","LAL"
"20151219","WSH","home","CHA"
"20151220","ATL","away","ORL"
"20151220","BKN","home","MIN"
"20151220","CLE","home","PHI"
"20151220","DEN","home","NOR"
"20151220","MIA","home","POR"
"20151220","MIL","away","PHO"
"20151220","MIN","away","BKN"
"20151220","NOR","away","DEN"
"20151220","ORL","home","ATL"
"20151220","PHI","away","CLE"
"20151220","PHO","home","MIL"
"20151220","POR","away","MIA"
"20151220","SAC","away","TOR"
"20151220","TOR","home","SAC"
"20151221","ATL","home","POR"
"20151221","BOS","home","MIN"
"20151221","BKN","away","CHI"
"20151221","CHA","away","HOU"
"20151221","CHI","home","BKN"
"20151221","HOU","home","CHA"
"20151221","IND","away","SAS"
"20151221","LAC","home","OKC"
"20151221","MIN","away","BOS"
"20151221","NY","home","ORL"
"20151221","OKC","away","LAC"
"20151221","ORL","away","NYK"
"20151221","PHO","away","UTA"
"20151221","POR","away","ATL"
"20151221","SAC","away","WSH"
"20151221","SA","home","IND"
"20151221","UTA","home","PHO"
"20151221","WSH","home","SAC"
"20151222","DAL","away","TOR"
"20151222","DEN","home","LAL"
"20151222","DET","away","MIA"
"20151222","LAL","away","DEN"
"20151222","MEM","away","PHI"
"20151222","MIA","home","DET"
"20151222","PHI","home","MEM"
"20151222","TOR","home","DAL"
"20151223","ATL","home","DET"
"20151223","BOS","away","CHA"
"20151223","BKN","home","DAL"
"20151223","CHA","home","BOS"
"20151223","CLE","home","NYK"
"20151223","DAL","away","BKN"
"20151223","DEN","away","PHO"
"20151223","DET","away","ATL"
"20151223","GS","home","UTA"
"20151223","HOU","away","ORL"
"20151223","IND","home","SAC"
"20151223","LAL","home","OKC"
"20151223","MEM","away","WSH"
"20151223","MIL","home","PHI"
"20151223","MIN","home","SAS"
"20151223","NOR","home","POR"
"20151223","NY","away","CLE"
"20151223","OKC","away","LAL"
"20151223","ORL","home","HOU"
"20151223","PHI","away","MIL"
"20151223","PHO","home","DEN"
"20151223","POR","away","NOR"
"20151223","SAC","away","IND"
"20151223","SA","away","MIN"
"20151223","UTA","away","GS"
"20151223","WSH","home","MEM"
"20151225","CHI","away","OKC"
"20151225","CLE","away","GS"
"20151225","GS","home","CLE"
"20151225","HOU","home","SAS"
"20151225","LAC","away","LAL"
"20151225","LAL","home","LAC"
"20151225","MIA","home","NOR"
"20151225","NOR","away","MIA"
"20151225","OKC","home","CHI"
"20151225","SA","away","HOU"
"20151226","ATL","home","NYK"
"20151226","BOS","away","DET"
"20151226","BKN","home","WSH"
"20151226","CHA","home","MEM"
"20151226","CHI","away","DAL"
"20151226","CLE","away","POR"
"20151226","DAL","home","CHI"
"20151226","DEN","away","SAS"
"20151226","DET","home","BOS"
"20151226","HOU","away","NOR"
"20151226","IND","away","MIN"
"20151226","LAC","away","UTA"
"20151226","MEM","away","CHA"
"20151226","MIA","away","ORL"
"20151226","MIL","home","TOR"
"20151226","MIN","home","IND"
"20151226","NOR","home","HOU"
"20151226","NY","away","ATL"
"20151226","ORL","home","MIA"
"20151226","PHI","away","PHO"
"20151226","PHO","home","PHI"
"20151226","POR","home","CLE"
"20151226","SA","home","DEN"
"20151226","TOR","away","MIL"
"20151226","UTA","home","LAC"
"20151226","WSH","away","BKN"
"20151227","BOS","home","NYK"
"20151227","DEN","away","OKC"
"20151227","LAL","away","MEM"
"20151227","MEM","home","LAL"
"20151227","NY","away","BOS"
"20151227","OKC","home","DEN"
"20151227","POR","away","SAC"
"20151227","SAC","home","POR"
"20151228","ATL","away","IND"
"20151228","BKN","away","MIA"
"20151228","CHA","home","LAL"
"20151228","CHI","home","TOR"
"20151228","CLE","away","PHO"
"20151228","DAL","home","MIL"
"20151228","GS","home","SAC"
"20151228","IND","home","ATL"
"20151228","LAC","away","WSH"
"20151228","LAL","away","CHA"
"20151228","MIA","home","BKN"
"20151228","MIL","away","DAL"
"20151228","MIN","away","SAS"
"20151228","NOR","away","ORL"
"20151228","ORL","home","NOR"
"20151228","PHI","away","UTA"
"20151228","PHO","home","CLE"
"20151228","SAC","away","GS"
"20151228","SA","home","MIN"
"20151228","TOR","away","CHI"
"20151228","UTA","home","PHI"
"20151228","WSH","home","LAC"
"20151229","ATL","away","HOU"
"20151229","CLE","away","DEN"
"20151229","DEN","home","CLE"
"20151229","DET","away","NYK"
"20151229","HOU","home","ATL"
"20151229","MEM","home","MIA"
"20151229","MIA","away","MEM"
"20151229","MIL","away","OKC"
"20151229","NY","home","DET"
"20151229","OKC","home","MIL"
"20151230","BOS","home","LAL"
"20151230","BKN","away","ORL"
"20151230","CHA","home","LAC"
"20151230","CHI","home","IND"
"20151230","DAL","home","GS"
"20151230","DEN","away","POR"
"20151230","GS","away","DAL"
"20151230","IND","away","CHI"
"20151230","LAC","away","CHA"
"20151230","LAL","away","BOS"
"20151230","MIN","home","UTA"
"20151230","ORL","home","BKN"
"20151230","PHI","away","SAC"
"20151230","PHO","away","SAS"
"20151230","POR","home","DEN"
"20151230","SAC","home","PHI"
"20151230","SA","home","PHO"
"20151230","TOR","home","WSH"
"20151230","UTA","away","MIN"
"20151230","WSH","away","TOR"
"20151231","DET","home","MIN"
"20151231","GS","away","HOU"
"20151231","HOU","home","GS"
"20151231","IND","home","MIL"
"20151231","LAC","away","NOR"
"20151231","MIL","away","IND"
"20151231","MIN","away","DET"
"20151231","NOR","home","LAC"
"20151231","OKC","home","PHO"
"20151231","PHO","away","OKC"
"20151231","POR","away","UTA"
"20151231","UTA","home","POR"
"20160101","CHA","away","TOR"
"20160101","CHI","home","NYK"
"20160101","DAL","away","MIA"
"20160101","LAL","home","PHI"
"20160101","MIA","home","DAL"
"20160101","NY","away","CHI"
"20160101","ORL","away","WSH"
"20160101","PHI","away","LAL"
"20160101","TOR","home","CHA"
"20160101","WSH","home","ORL"
"20160102","BOS","home","BKN"
"20160102","BKN","away","BOS"
"20160102","CHA","home","OKC"
"20160102","CLE","home","ORL"
"20160102","DAL","home","NOR"
"20160102","DEN","away","GS"
"20160102","DET","away","IND"
"20160102","GS","home","DEN"
"20160102","HOU","away","SAS"
"20160102","IND","home","DET"
"20160102","LAC","home","PHI"
"20160102","MEM","away","UTA"
"20160102","MIL","away","MIN"
"20160102","MIN","home","MIL"
"20160102","NOR","away","DAL"
"20160102","OKC","away","CHA"
"20160102","ORL","away","CLE"
"20160102","PHI","away","LAC"
"20160102","PHO","away","SAC"
"20160102","SAC","home","PHO"
"20160102","SA","home","HOU"
"20160102","UTA","home","MEM"
"20160103","ATL","away","NYK"
"20160103","CHI","away","TOR"
"20160103","DEN","home","POR"
"20160103","LAL","home","PHO"
"20160103","MIA","away","WSH"
"20160103","NY","home","ATL"
"20160103","PHO","away","LAL"
"20160103","POR","away","DEN"
"20160103","TOR","home","CHI"
"20160103","WSH","home","MIA"
"20160104","BOS","away","BKN"
"20160104","BKN","home","BOS"
"20160104","CHA","away","GS"
"20160104","CLE","home","TOR"
"20160104","DET","home","ORL"
"20160104","GS","home","CHA"
"20160104","HOU","away","UTA"
"20160104","IND","away","MIA"
"20160104","MEM","away","POR"
"20160104","MIA","home","IND"
"20160104","MIL","home","SAS"
"20160104","MIN","away","PHI"
"20160104","OKC","home","SAC"
"20160104","ORL","away","DET"
"20160104","PHI","home","MIN"
"20160104","POR","home","MEM"
"20160104","SAC","away","OKC"
"20160104","SA","away","MIL"
"20160104","TOR","away","CLE"
"20160104","UTA","home","HOU"
"20160105","ATL","home","NYK"
"20160105","CHI","home","MIL"
"20160105","DAL","home","SAC"
"20160105","GS","away","LAL"
"20160105","LAL","home","GS"
"20160105","MIL","away","CHI"
"20160105","NY","away","ATL"
"20160105","SAC","away","DAL"
"20160106","BOS","home","DET"
"20160106","BKN","home","TOR"
"20160106","CHA","away","PHO"
"20160106","CLE","away","WSH"
"20160106","DAL","away","NOR"
"20160106","DEN","away","MIN"
"20160106","DET","away","BOS"
"20160106","IND","away","ORL"
"20160106","LAC","away","POR"
"20160106","MEM","away","OKC"
"20160106","MIA","home","NYK"
"20160106","MIN","home","DEN"
"20160106","NOR","home","DAL"
"20160106","NY","away","MIA"
"20160106","OKC","home","MEM"
"20160106","ORL","home","IND"
"20160106","PHO","home","CHA"
"20160106","POR","home","LAC"
"20160106","SA","home","UTA"
"20160106","TOR","away","BKN"
"20160106","UTA","away","SAS"
"20160106","WSH","home","CLE"
"20160107","ATL","away","PHI"
"20160107","BOS","away","CHI"
"20160107","CHI","home","BOS"
"20160107","HOU","home","UTA"
"20160107","LAL","away","SAC"
"20160107","PHI","home","ATL"
"20160107","SAC","home","LAL"
"20160107","UTA","away","HOU"
"20160108","BKN","home","ORL"
"20160108","CLE","away","MIN"
"20160108","DAL","away","MIL"
"20160108","DEN","away","MEM"
"20160108","GS","away","POR"
"20160108","IND","away","NOR"
"20160108","LAL","home","OKC"
"20160108","MEM","home","DEN"
"20160108","MIA","away","PHO"
"20160108","MIL","home","DAL"
"20160108","MIN","home","CLE"
"20160108","NOR","home","IND"
"20160108","NY","away","SAS"
"20160108","OKC","away","LAL"
"20160108","ORL","away","BKN"
"20160108","PHO","home","MIA"
"20160108","POR","home","GS"
"20160108","SA","home","NYK"
"20160108","TOR","away","WSH"
"20160108","WSH","home","TOR"
"20160109","ATL","home","CHI"
"20160109","BKN","away","DET"
"20160109","CHA","away","LAC"
"20160109","CHI","away","ATL"
"20160109","DET","home","BKN"
"20160109","GS","away","SAC"
"20160109","LAC","home","CHA"
"20160109","MIA","away","UTA"
"20160109","ORL","home","WSH"
"20160109","PHI","home","TOR"
"20160109","SAC","home","GS"
"20160109","TOR","away","PHI"
"20160109","UTA","home","MIA"
"20160109","WSH","away","ORL"
"20160110","BOS","away","MEM"
"20160110","CHA","away","DEN"
"20160110","CLE","away","PHI"
"20160110","DAL","away","MIN"
"20160110","DEN","home","CHA"
"20160110","HOU","home","IND"
"20160110","IND","away","HOU"
"20160110","LAC","home","NOR"
"20160110","LAL","home","UTA"
"20160110","MEM","home","BOS"
"20160110","MIL","away","NYK"
"20160110","MIN","home","DAL"
"20160110","NOR","away","LAC"
"20160110","NY","home","MIL"
"20160110","OKC","away","POR"
"20160110","PHI","home","CLE"
"20160110","POR","home","OKC"
"20160110","UTA","away","LAL"
"20160111","BKN","home","SAS"
"20160111","CHI","home","WSH"
"20160111","GS","home","MIA"
"20160111","MIA","away","GS"
"20160111","SA","away","BKN"
"20160111","WSH","away","CHI"
"20160112","BOS","away","NYK"
"20160112","CHI","away","MIL"
"20160112","CLE","away","DAL"
"20160112","DAL","home","CLE"
"20160112","DET","home","SAS"
"20160112","HOU","away","MEM"
"20160112","IND","home","PHO"
"20160112","LAL","home","NOR"
"20160112","MEM","home","HOU"
"20160112","MIL","home","CHI"
"20160112","MIN","home","OKC"
"20160112","NOR","away","LAL"
"20160112","NY","home","BOS"
"20160112","OKC","away","MIN"
"20160112","PHO","away","IND"
"20160112","SA","away","DET"
"20160113","ATL","away","CHA"
"20160113","BOS","home","IND"
"20160113","BKN","home","NYK"
"20160113","CHA","home","ATL"
"20160113","DAL","away","OKC"
"20160113","DEN","home","GS"
"20160113","GS","away","DEN"
"20160113","HOU","home","MIN"
"20160113","IND","away","BOS"
"20160113","LAC","home","MIA"
"20160113","MIA","away","LAC"
"20160113","MIL","away","WSH"
"20160113","MIN","away","HOU"
"20160113","NOR","away","SAC"
"20160113","NY","away","BKN"
"20160113","OKC","home","DAL"
"20160113","POR","home","UTA"
"20160113","SAC","home","NOR"
"20160113","UTA","away","POR"
"20160113","WSH","home","MIL"
"20160114","CHI","away","PHI"
"20160114","CLE","away","SAS"
"20160114","DET","away","MEM"
"20160114","GS","home","LAL"
"20160114","LAL","away","GS"
"20160114","MEM","home","DET"
"20160114","ORL","home","TOR"
"20160114","PHI","home","CHI"
"20160114","SAC","away","UTA"
"20160114","SA","home","CLE"
"20160114","TOR","away","ORL"
"20160114","UTA","home","SAC"
"20160115","ATL","away","MIL"
"20160115","BOS","home","PHO"
"20160115","BKN","home","POR"
"20160115","CHA","away","NOR"
"20160115","CHI","home","DAL"
"20160115","CLE","away","HOU"
"20160115","DAL","away","CHI"
"20160115","DEN","home","MIA"
"20160115","HOU","home","CLE"
"20160115","IND","home","WSH"
"20160115","MIA","away","DEN"
"20160115","MIL","home","ATL"
"20160115","MIN","away","OKC"
"20160115","NOR","home","CHA"
"20160115","OKC","home","MIN"
"20160115","PHO","away","BOS"
"20160115","POR","away","BKN"
"20160115","WSH","away","IND"
"20160116","ATL","home","BKN"
"20160116","BOS","away","WSH"
"20160116","BKN","away","ATL"
"20160116","CHA","home","MIL"
"20160116","DET","home","GS"
"20160116","GS","away","DET"
"20160116","LAC","home","SAC"
"20160116","LAL","away","UTA"
"20160116","MEM","home","NYK"
"20160116","MIL","away","CHA"
"20160116","NY","away","MEM"
"20160116","PHI","home","POR"
"20160116","POR","away","PHI"
"20160116","SAC","away","LAC"
"20160116","UTA","home","LAL"
"20160116","WSH","home","BOS"
"20160117","DAL","away","SAS"
"20160117","DEN","home","IND"
"20160117","HOU","away","LAL"
"20160117","IND","away","DEN"
"20160117","LAL","home","HOU"
"20160117","MIA","away","OKC"
"20160117","MIN","home","PHO"
"20160117","OKC","home","MIA"
"20160117","PHO","away","MIN"
"20160117","SA","home","DAL"
"20160118","ATL","home","ORL"
"20160118","BOS","away","DAL"
"20160118","BKN","away","TOR"
"20160118","CHA","home","UTA"
"20160118","CHI","away","DET"
"20160118","CLE","home","GS"
"20160118","DAL","home","BOS"
"20160118","DET","home","CHI"
"20160118","GS","away","CLE"
"20160118","HOU","away","LAC"
"20160118","LAC","home","HOU"
"20160118","MEM","home","NOR"
"20160118","NOR","away","MEM"
"20160118","NY","home","PHI"
"20160118","ORL","away","ATL"
"20160118","PHI","away","NYK"
"20160118","POR","away","WSH"
"20160118","TOR","home","BKN"
"20160118","UTA","away","CHA"
"20160118","WSH","home","POR"
"20160119","DEN","home","OKC"
"20160119","IND","away","PHO"
"20160119","MIA","home","MIL"
"20160119","MIL","away","MIA"
"20160119","MIN","away","NOR"
"20160119","NOR","home","MIN"
"20160119","OKC","away","DEN"
"20160119","PHO","home","IND"
"20160120","ATL","away","POR"
"20160120","BOS","away","TOR"
"20160120","BKN","home","CLE"
"20160120","CHA","away","OKC"
"20160120","CHI","home","GS"
"20160120","CLE","away","BKN"
"20160120","DAL","home","MIN"
"20160120","DET","away","HOU"
"20160120","GS","away","CHI"
"20160120","HOU","home","DET"
"20160120","LAL","home","SAC"
"20160120","MIA","away","WSH"
"20160120","MIN","away","DAL"
"20160120","NY","home","UTA"
"20160120","OKC","home","CHA"
"20160120","ORL","home","PHI"
"20160120","PHI","away","ORL"
"20160120","POR","home","ATL"
"20160120","SAC","away","LAL"
"20160120","TOR","home","BOS"
"20160120","UTA","away","NYK"
"20160120","WSH","home","MIA"
"20160121","ATL","away","SAC"
"20160121","CLE","home","LAC"
"20160121","DEN","home","MEM"
"20160121","DET","away","NOR"
"20160121","LAC","away","CLE"
"20160121","MEM","away","DEN"
"20160121","NOR","home","DET"
"20160121","PHO","home","SAS"
"20160121","SAC","home","ATL"
"20160121","SA","away","PHO"
"20160122","BOS","home","CHI"
"20160122","BKN","home","UTA"
"20160122","CHA","away","ORL"
"20160122","CHI","away","BOS"
"20160122","DAL","home","OKC"
"20160122","GS","home","IND"
"20160122","HOU","home","MIL"
"20160122","IND","away","GS"
"20160122","LAC","away","NYK"
"20160122","LAL","home","SAS"
"20160122","MIA","away","TOR"
"20160122","MIL","away","HOU"
"20160122","NY","home","LAC"
"20160122","OKC","away","DAL"
"20160122","ORL","home","CHA"
"20160122","SA","away","LAL"
"20160122","TOR","home","MIA"
"20160122","UTA","away","BKN"
"20160123","ATL","away","PHO"
"20160123","BOS","away","PHI"
"20160123","CHA","home","NYK"
"20160123","CHI","away","CLE"
"20160123","CLE","home","CHI"
"20160123","DEN","home","DET"
"20160123","DET","away","DEN"
"20160123","IND","away","SAC"
"20160123","LAL","away","POR"
"20160123","MEM","away","MIN"
"20160123","MIL","away","NOR"
"20160123","MIN","home","MEM"
"20160123","NOR","home","MIL"
"20160123","NY","away","CHA"
"20160123","PHI","home","BOS"
"20160123","PHO","home","ATL"
"20160123","POR","home","LAL"
"20160123","SAC","home","IND"
"20160123","UTA","away","WSH"
"20160123","WSH","home","UTA"
"20160124","BKN","home","OKC"
"20160124","DAL","away","HOU"
"20160124","HOU","home","DAL"
"20160124","LAC","away","TOR"
"20160124","OKC","away","BKN"
"20160124","TOR","home","LAC"
"20160125","ATL","away","DEN"
"20160125","BOS","away","WSH"
"20160125","CHA","away","SAC"
"20160125","CHI","home","MIA"
"20160125","CLE","home","MIN"
"20160125","DEN","home","ATL"
"20160125","DET","away","UTA"
"20160125","GS","home","SAS"
"20160125","HOU","away","NOR"
"20160125","MEM","home","ORL"
"20160125","MIA","away","CHI"
"20160125","MIN","away","CLE"
"20160125","NOR","home","HOU"
"20160125","ORL","away","MEM"
"20160125","SAC","home","CHA"
"20160125","SA","away","GS"
"20160125","UTA","home","DET"
"20160125","WSH","home","BOS"
"20160126","BKN","home","MIA"
"20160126","DAL","away","LAL"
"20160126","IND","home","LAC"
"20160126","LAC","away","IND"
"20160126","LAL","home","DAL"
"20160126","MIA","away","BKN"
"20160126","MIL","home","ORL"
"20160126","NY","home","OKC"
"20160126","OKC","away","NYK"
"20160126","ORL","away","MIL"
"20160126","PHI","home","PHO"
"20160126","PHO","away","PHI"
"20160126","POR","home","SAC"
"20160126","SAC","away","POR"
"20160126","TOR","home","WSH"
"20160126","WSH","away","TOR"
"20160127","ATL","home","LAC"
"20160127","BOS","home","DEN"
"20160127","CHA","away","UTA"
"20160127","CLE","home","PHO"
"20160127","DAL","away","GS"
"20160127","DEN","away","BOS"
"20160127","DET","home","PHI"
"20160127","GS","home","DAL"
"20160127","HOU","away","SAS"
"20160127","LAC","away","ATL"
"20160127","MIN","home","OKC"
"20160127","OKC","away","MIN"
"20160127","PHI","away","DET"
"20160127","PHO","away","CLE"
"20160127","SA","home","HOU"
"20160127","UTA","home","CHA"
"20160128","ATL","away","IND"
"20160128","CHI","away","LAL"
"20160128","DEN","away","WSH"
"20160128","IND","home","ATL"
"20160128","LAL","home","CHI"
"20160128","MEM","home","MIL"
"20160128","MIL","away","MEM"
"20160128","NOR","home","SAC"
"20160128","NY","away","TOR"
"20160128","SAC","away","NOR"
"20160128","TOR","home","NYK"
"20160128","WSH","home","DEN"
"20160129","BOS","home","ORL"
"20160129","BKN","away","DAL"
"20160129","CHA","away","POR"
"20160129","CLE","away","DET"
"20160129","DAL","home","BKN"
"20160129","DET","home","CLE"
"20160129","HOU","away","OKC"
"20160129","LAC","home","LAL"
"20160129","LAL","away","LAC"
"20160129","MIA","away","MIL"
"20160129","MIL","home","MIA"
"20160129","MIN","away","UTA"
"20160129","NY","home","PHO"
"20160129","OKC","home","HOU"
"20160129","ORL","away","BOS"
"20160129","PHO","away","NYK"
"20160129","POR","home","CHA"
"20160129","UTA","home","MIN"
"20160130","BKN","away","NOR"
"20160130","CLE","home","SAS"
"20160130","DEN","away","IND"
"20160130","DET","away","TOR"
"20160130","GS","away","PHI"
"20160130","HOU","home","WSH"
"20160130","IND","home","DEN"
"20160130","MEM","home","SAC"
"20160130","NOR","home","BKN"
"20160130","PHI","home","GS"
"20160130","SAC","away","MEM"
"20160130","SA","away","CLE"
"20160130","TOR","home","DET"
"20160130","WSH","away","HOU"
"20160131","ATL","away","MIA"
"20160131","BOS","away","ORL"
"20160131","CHA","away","LAL"
"20160131","CHI","away","LAC"
"20160131","DAL","home","PHO"
"20160131","GS","away","NYK"
"20160131","LAC","home","CHI"
"20160131","LAL","home","CHA"
"20160131","MIA","home","ATL"
"20160131","MIN","away","POR"
"20160131","NY","home","GS"
"20160131","ORL","home","BOS"
"20160131","PHO","away","DAL"
"20160131","POR","home","MIN"
"20160201","ATL","home","DAL"
"20160201","BKN","home","DET"
"20160201","CHI","away","UTA"
"20160201","CLE","away","IND"
"20160201","DAL","away","ATL"
"20160201","DEN","home","TOR"
"20160201","DET","away","BKN"
"20160201","IND","home","CLE"
"20160201","MEM","away","NOR"
"20160201","MIL","away","SAC"
"20160201","NOR","home","MEM"
"20160201","OKC","home","WSH"
"20160201","ORL","away","SAS"
"20160201","SAC","home","MIL"
"20160201","SA","home","ORL"
"20160201","TOR","away","DEN"
"20160201","UTA","home","CHI"
"20160201","WSH","away","OKC"
"20160202","BOS","away","NYK"
"20160202","HOU","home","MIA"
"20160202","LAL","home","MIN"
"20160202","MIA","away","HOU"
"20160202","MIL","away","POR"
"20160202","MIN","away","LAL"
"20160202","NY","home","BOS"
"20160202","PHO","home","TOR"
"20160202","POR","home","MIL"
"20160202","TOR","away","PHO"
"20160203","ATL","away","PHI"
"20160203","BOS","home","DET"
"20160203","BKN","home","IND"
"20160203","CHA","home","CLE"
"20160203","CHI","away","SAC"
"20160203","CLE","away","CHA"
"20160203","DAL","home","MIA"
"20160203","DEN","away","UTA"
"20160203","DET","away","BOS"
"20160203","GS","away","WSH"
"20160203","IND","away","BKN"
"20160203","LAC","home","MIN"
"20160203","MIA","away","DAL"
"20160203","MIN","away","LAC"
"20160203","NOR","away","SAS"
"20160203","OKC","home","ORL"
"20160203","ORL","away","OKC"
"20160203","PHI","home","ATL"
"20160203","SAC","home","CHI"
"20160203","SA","home","NOR"
"20160203","UTA","home","DEN"
"20160203","WSH","home","GS"
"20160204","DET","home","NYK"
"20160204","HOU","away","PHO"
"20160204","LAL","away","NOR"
"20160204","NOR","home","LAL"
"20160204","NY","away","DET"
"20160204","PHO","home","HOU"
"20160204","POR","home","TOR"
"20160204","TOR","away","POR"
"20160205","ATL","home","IND"
"20160205","BOS","away","CLE"
"20160205","BKN","home","SAC"
"20160205","CHA","home","MIA"
"20160205","CHI","away","DEN"
"20160205","CLE","home","BOS"
"20160205","DAL","home","SAS"
"20160205","DEN","home","CHI"
"20160205","IND","away","ATL"
"20160205","LAC","away","ORL"
"20160205","MEM","away","NYK"
"20160205","MIA","away","CHA"
"20160205","MIL","away","UTA"
"20160205","NY","home","MEM"
"20160205","ORL","home","LAC"
"20160205","PHI","away","WSH"
"20160205","SAC","away","BKN"
"20160205","SA","away","DAL"
"20160205","UTA","home","MIL"
"20160205","WSH","home","PHI"
"20160206","BKN","away","PHI"
"20160206","CHA","home","WSH"
"20160206","CHI","away","MIN"
"20160206","CLE","home","NOR"
"20160206","DAL","away","MEM"
"20160206","DET","away","IND"
"20160206","GS","home","OKC"
"20160206","HOU","home","POR"
"20160206","IND","home","DET"
"20160206","LAL","away","SAS"
"20160206","MEM","home","DAL"
"20160206","MIN","home","CHI"
"20160206","NOR","away","CLE"
"20160206","OKC","away","GS"
"20160206","PHI","home","BKN"
"20160206","PHO","home","UTA"
"20160206","POR","away","HOU"
"20160206","SA","home","LAL"
"20160206","UTA","away","PHO"
"20160206","WSH","away","CHA"
"20160207","ATL","away","ORL"
"20160207","BOS","home","SAC"
"20160207","DEN","away","NYK"
"20160207","LAC","away","MIA"
"20160207","MIA","home","LAC"
"20160207","NY","home","DEN"
"20160207","ORL","home","ATL"
"20160207","SAC","away","BOS"
"20160208","ATL","home","ORL"
"20160208","BKN","home","DEN"
"20160208","CHA","home","CHI"
"20160208","CHI","away","CHA"
"20160208","CLE","home","SAC"
"20160208","DEN","away","BKN"
"20160208","DET","home","TOR"
"20160208","IND","home","LAL"
"20160208","LAC","away","PHI"
"20160208","LAL","away","IND"
"20160208","MEM","home","POR"
"20160208","MIN","home","NOR"
"20160208","NOR","away","MIN"
"20160208","OKC","away","PHO"
"20160208","ORL","away","ATL"
"20160208","PHI","home","LAC"
"20160208","PHO","home","OKC"
"20160208","POR","away","MEM"
"20160208","SAC","away","CLE"
"20160208","TOR","away","DET"
"20160209","BOS","away","MIL"
"20160209","DAL","home","UTA"
"20160209","GS","home","HOU"
"20160209","HOU","away","GS"
"20160209","MIA","home","SAS"
"20160209","MIL","home","BOS"
"20160209","NY","home","WSH"
"20160209","SA","away","MIA"
"20160209","UTA","away","DAL"
"20160209","WSH","away","NYK"
"20160210","ATL","away","CHI"
"20160210","BOS","home","LAC"
"20160210","BKN","home","MEM"
"20160210","CHA","away","IND"
"20160210","CHI","home","ATL"
"20160210","CLE","home","LAL"
"20160210","DEN","away","DET"
"20160210","DET","home","DEN"
"20160210","GS","away","PHO"
"20160210","HOU","away","POR"
"20160210","IND","home","CHA"
"20160210","LAC","away","BOS"
"20160210","LAL","away","CLE"
"20160210","MEM","away","BKN"
"20160210","MIN","home","TOR"
"20160210","NOR","home","UTA"
"20160210","ORL","home","SAS"
"20160210","PHI","home","SAC"
"20160210","PHO","home","GS"
"20160210","POR","home","HOU"
"20160210","SAC","away","PHI"
"20160210","SA","away","ORL"
"20160210","TOR","away","MIN"
"20160210","UTA","away","NOR"
"20160211","MIL","home","WSH"
"20160211","NOR","away","OKC"
"20160211","OKC","home","NOR"
"20160211","WSH","away","MIL"
"20160218","CHI","away","CLE"
"20160218","CLE","home","CHI"
"20160218","LAC","home","SAS"
"20160218","SA","away","LAC"
"20160219","ATL","home","MIA"
"20160219","BOS","away","UTA"
"20160219","BKN","home","NYK"
"20160219","CHA","away","MIL"
"20160219","CHI","home","TOR"
"20160219","DAL","away","ORL"
"20160219","DEN","away","SAC"
"20160219","DET","away","WSH"
"20160219","GS","away","POR"
"20160219","HOU","away","PHO"
"20160219","IND","away","OKC"
"20160219","LAL","home","SAS"
"20160219","MEM","home","MIN"
"20160219","MIA","away","ATL"
"20160219","MIL","home","CHA"
"20160219","MIN","away","MEM"
"20160219","NOR","home","PHI"
"20160219","NY","away","BKN"
"20160219","OKC","home","IND"
"20160219","ORL","home","DAL"
"20160219","PHI","away","NOR"
"20160219","PHO","home","HOU"
"20160219","POR","home","GS"
"20160219","SAC","home","DEN"
"20160219","SA","away","LAL"
"20160219","TOR","away","CHI"
"20160219","UTA","home","BOS"
"20160219","WSH","home","DET"
"20160220","ATL","home","MIL"
"20160220","GS","away","LAC"
"20160220","LAC","home","GS"
"20160220","MIA","home","WSH"
"20160220","MIL","away","ATL"
"20160220","MIN","home","NYK"
"20160220","NY","away","MIN"
"20160220","WSH","away","MIA"
"20160221","BOS","away","DEN"
"20160221","BKN","home","CHA"
"20160221","CHA","away","BKN"
"20160221","CHI","home","LAL"
"20160221","CLE","away","OKC"
"20160221","DAL","home","PHI"
"20160221","DEN","home","BOS"
"20160221","DET","home","NOR"
"20160221","IND","away","ORL"
"20160221","LAL","away","CHI"
"20160221","MEM","away","TOR"
"20160221","NOR","away","DET"
"20160221","OKC","home","CLE"
"20160221","ORL","home","IND"
"20160221","PHI","away","DAL"
"20160221","PHO","home","SAS"
"20160221","POR","home","UTA"
"20160221","SA","away","PHO"
"20160221","TOR","home","MEM"
"20160221","UTA","away","POR"
"20160222","ATL","home","GS"
"20160222","BOS","away","MIN"
"20160222","CLE","home","DET"
"20160222","DET","away","CLE"
"20160222","GS","away","ATL"
"20160222","IND","away","MIA"
"20160222","LAC","home","PHO"
"20160222","LAL","away","MIL"
"20160222","MIA","home","IND"
"20160222","MIL","home","LAL"
"20160222","MIN","home","BOS"
"20160222","NY","home","TOR"
"20160222","PHO","away","LAC"
"20160222","TOR","away","NYK"
"20160223","BKN","away","POR"
"20160223","DEN","home","SAC"
"20160223","HOU","away","UTA"
"20160223","NOR","away","WSH"
"20160223","ORL","away","PHI"
"20160223","PHI","home","ORL"
"20160223","POR","home","BKN"
"20160223","SAC","away","DEN"
"20160223","UTA","home","HOU"
"20160223","WSH","home","NOR"
"20160224","CHA","away","CLE"
"20160224","CHI","home","WSH"
"20160224","CLE","home","CHA"
"20160224","DAL","home","OKC"
"20160224","DEN","away","LAC"
"20160224","DET","home","PHI"
"20160224","GS","away","MIA"
"20160224","IND","home","NYK"
"20160224","LAC","home","DEN"
"20160224","LAL","away","MEM"
"20160224","MEM","home","LAL"
"20160224","MIA","home","GS"
"20160224","MIN","away","TOR"
"20160224","NY","away","IND"
"20160224","OKC","away","DAL"
"20160224","PHI","away","DET"
"20160224","SAC","home","SAS"
"20160224","SA","away","SAC"
"20160224","TOR","home","MIN"
"20160224","WSH","away","CHI"
"20160225","BOS","home","MIL"
"20160225","BKN","away","PHO"
"20160225","GS","away","ORL"
"20160225","HOU","away","POR"
"20160225","MIL","away","BOS"
"20160225","NOR","home","OKC"
"20160225","OKC","away","NOR"
"20160225","ORL","home","GS"
"20160225","PHO","home","BKN"
"20160225","POR","home","HOU"
"20160225","SA","away","UTA"
"20160225","UTA","home","SAS"
"20160226","ATL","home","CHI"
"20160226","CHA","away","IND"
"20160226","CHI","away","ATL"
"20160226","CLE","away","TOR"
"20160226","DAL","home","DEN"
"20160226","DEN","away","DAL"
"20160226","IND","home","CHA"
"20160226","LAC","away","SAC"
"20160226","LAL","home","MEM"
"20160226","MEM","away","LAL"
"20160226","NY","home","ORL"
"20160226","ORL","away","NYK"
"20160226","PHI","home","WSH"
"20160226","SAC","home","LAC"
"20160226","TOR","home","CLE"
"20160226","WSH","away","PHI"
"20160227","BOS","home","MIA"
"20160227","BKN","away","UTA"
"20160227","CHI","home","POR"
"20160227","DET","away","MIL"
"20160227","GS","away","OKC"
"20160227","HOU","home","SAS"
"20160227","MEM","away","PHO"
"20160227","MIA","away","BOS"
"20160227","MIL","home","DET"
"20160227","MIN","away","NOR"
"20160227","NOR","home","MIN"
"20160227","OKC","home","GS"
"20160227","PHO","home","MEM"
"20160227","POR","away","CHI"
"20160227","SA","away","HOU"
"20160227","UTA","home","BKN"
"20160228","ATL","home","CHA"
"20160228","CHA","away","ATL"
"20160228","CLE","away","WSH"
"20160228","DAL","home","MIN"
"20160228","DET","home","TOR"
"20160228","IND","home","POR"
"20160228","MIA","away","NYK"
"20160228","MIN","away","DAL"
"20160228","NY","home","MIA"
"20160228","ORL","home","PHI"
"20160228","PHI","away","ORL"
"20160228","POR","away","IND"
"20160228","TOR","away","DET"
"20160228","WSH","home","CLE"
"20160229","BOS","home","UTA"
"20160229","BKN","away","LAC"
"20160229","CLE","home","IND"
"20160229","DEN","home","MEM"
"20160229","HOU","away","MIL"
"20160229","IND","away","CLE"
"20160229","LAC","home","BKN"
"20160229","MEM","away","DEN"
"20160229","MIL","home","HOU"
"20160229","OKC","away","SAC"
"20160229","PHI","away","WSH"
"20160229","SAC","home","OKC"
"20160229","UTA","away","BOS"
"20160229","WSH","home","PHI"
"20160301","ATL","away","GS"
"20160301","BKN","away","LAL"
"20160301","CHA","home","PHO"
"20160301","CHI","away","MIA"
"20160301","DAL","home","ORL"
"20160301","GS","home","ATL"
"20160301","LAL","home","BKN"
"20160301","MIA","home","CHI"
"20160301","NY","home","POR"
"20160301","ORL","away","DAL"
"20160301","PHO","away","CHA"
"20160301","POR","away","NYK"
"20160302","BOS","home","POR"
"20160302","CHA","away","PHI"
"20160302","CHI","away","ORL"
"20160302","DEN","home","LAL"
"20160302","DET","away","SAS"
"20160302","HOU","home","NOR"
"20160302","IND","away","MIL"
"20160302","LAC","home","OKC"
"20160302","LAL","away","DEN"
"20160302","MEM","home","SAC"
"20160302","MIL","home","IND"
"20160302","MIN","home","WSH"
"20160302","NOR","away","HOU"
"20160302","OKC","away","LAC"
"20160302","ORL","home","CHI"
"20160302","PHI","home","CHA"
"20160302","POR","away","BOS"
"20160302","SAC","away","MEM"
"20160302","SA","home","DET"
"20160302","TOR","home","UTA"
"20160302","UTA","away","TOR"
"20160302","WSH","away","MIN"
"20160303","DAL","home","SAC"
"20160303","GS","home","OKC"
"20160303","MIA","home","PHO"
"20160303","NOR","home","SAS"
"20160303","OKC","away","GS"
"20160303","PHO","away","MIA"
"20160303","SAC","away","DAL"
"20160303","SA","away","NOR"
"20160304","ATL","away","LAL"
"20160304","BOS","home","NYK"
"20160304","BKN","away","DEN"
"20160304","CHA","home","IND"
"20160304","CLE","home","WSH"
"20160304","DEN","home","BKN"
"20160304","IND","away","CHA"
"20160304","LAL","home","ATL"
"20160304","MEM","home","UTA"
"20160304","MIA","away","PHI"
"20160304","MIL","home","MIN"
"20160304","MIN","away","MIL"
"20160304","NY","away","BOS"
"20160304","ORL","home","PHO"
"20160304","PHI","home","MIA"
"20160304","PHO","away","ORL"
"20160304","POR","away","TOR"
"20160304","TOR","home","POR"
"20160304","UTA","away","MEM"
"20160304","WSH","away","CLE"
"20160305","ATL","away","LAC"
"20160305","BOS","away","CLE"
"20160305","BKN","away","MIN"
"20160305","CHI","home","HOU"
"20160305","CLE","home","BOS"
"20160305","DET","away","NYK"
"20160305","HOU","away","CHI"
"20160305","IND","away","WSH"
"20160305","LAC","home","ATL"
"20160305","MIN","home","BKN"
"20160305","NOR","home","UTA"
"20160305","NY","home","DET"
"20160305","SAC","away","SAS"
"20160305","SA","home","SAC"
"20160305","UTA","away","NOR"
"20160305","WSH","home","IND"
"20160306","DAL","away","DEN"
"20160306","DEN","home","DAL"
"20160306","DET","home","POR"
"20160306","GS","away","LAL"
"20160306","HOU","away","TOR"
"20160306","LAL","home","GS"
"20160306","MEM","home","PHO"
"20160306","MIA","home","PHI"
"20160306","MIL","home","OKC"
"20160306","OKC","away","MIL"
"20160306","PHI","away","MIA"
"20160306","PHO","away","MEM"
"20160306","POR","away","DET"
"20160306","TOR","home","HOU"
"20160307","CHA","home","MIN"
"20160307","CHI","home","MIL"
"20160307","CLE","home","MEM"
"20160307","DAL","home","LAC"
"20160307","GS","home","ORL"
"20160307","IND","home","SAS"
"20160307","LAC","away","DAL"
"20160307","MEM","away","CLE"
"20160307","MIL","away","CHI"
"20160307","MIN","away","CHA"
"20160307","NOR","home","SAC"
"20160307","ORL","away","GS"
"20160307","SAC","away","NOR"
"20160307","SA","away","IND"
"20160308","ATL","away","UTA"
"20160308","BKN","away","TOR"
"20160308","DEN","home","NYK"
"20160308","LAL","home","ORL"
"20160308","MIN","home","SAS"
"20160308","NY","away","DEN"
"20160308","ORL","away","LAL"
"20160308","POR","home","WSH"
"20160308","SA","away","MIN"
"20160308","TOR","home","BKN"
"20160308","UTA","home","ATL"
"20160308","WSH","away","POR"
"20160309","BOS","home","MEM"
"20160309","CHA","home","NOR"
"20160309","CLE","away","SAC"
"20160309","DAL","home","DET"
"20160309","DET","away","DAL"
"20160309","GS","home","UTA"
"20160309","HOU","away","PHI"
"20160309","LAC","away","OKC"
"20160309","MEM","away","BOS"
"20160309","MIA","away","MIL"
"20160309","MIL","home","MIA"
"20160309","NOR","away","CHA"
"20160309","NY","away","PHO"
"20160309","OKC","home","LAC"
"20160309","PHI","home","HOU"
"20160309","PHO","home","NYK"
"20160309","SAC","home","CLE"
"20160309","UTA","away","GS"
"20160310","ATL","away","TOR"
"20160310","CHI","away","SAS"
"20160310","CLE","away","LAL"
"20160310","DEN","home","PHO"
"20160310","LAL","home","CLE"
"20160310","PHO","away","DEN"
"20160310","SA","home","CHI"
"20160310","TOR","home","ATL"
"20160311","BOS","home","HOU"
"20160311","BKN","away","PHI"
"20160311","CHA","home","DET"
"20160311","CHI","home","MIA"
"20160311","DET","away","CHA"
"20160311","GS","home","POR"
"20160311","HOU","away","BOS"
"20160311","LAC","home","NYK"
"20160311","MEM","home","NOR"
"20160311","MIA","away","CHI"
"20160311","MIN","away","OKC"
"20160311","NOR","away","MEM"
"20160311","NY","away","LAC"
"20160311","OKC","home","MIN"
"20160311","ORL","away","SAC"
"20160311","PHI","home","BKN"
"20160311","POR","away","GS"
"20160311","SAC","home","ORL"
"20160311","UTA","home","WSH"
"20160311","WSH","away","UTA"
"20160312","ATL","home","MEM"
"20160312","CHA","home","HOU"
"20160312","DAL","home","IND"
"20160312","DEN","home","WSH"
"20160312","DET","away","PHI"
"20160312","GS","home","PHO"
"20160312","HOU","away","CHA"
"20160312","IND","away","DAL"
"20160312","MEM","away","ATL"
"20160312","MIA","away","TOR"
"20160312","MIL","home","NOR"
"20160312","NOR","away","MIL"
"20160312","OKC","away","SAS"
"20160312","ORL","away","POR"
"20160312","PHI","home","DET"
"20160312","PHO","away","GS"
"20160312","POR","home","ORL"
"20160312","SA","home","OKC"
"20160312","TOR","home","MIA"
"20160312","WSH","away","DEN"
"20160313","ATL","home","IND"
"20160313","BKN","home","MIL"
"20160313","CLE","away","LAC"
"20160313","IND","away","ATL"
"20160313","LAC","home","CLE"
"20160313","LAL","home","NYK"
"20160313","MIL","away","BKN"
"20160313","NY","away","LAL"
"20160313","SAC","home","UTA"
"20160313","UTA","away","SAC"
"20160314","CHA","home","DAL"
"20160314","CHI","away","TOR"
"20160314","CLE","away","UTA"
"20160314","DAL","away","CHA"
"20160314","DEN","away","MIA"
"20160314","DET","away","WSH"
"20160314","GS","home","NOR"
"20160314","HOU","home","MEM"
"20160314","MEM","away","HOU"
"20160314","MIA","home","DEN"
"20160314","MIN","away","PHO"
"20160314","NOR","away","GS"
"20160314","OKC","home","POR"
"20160314","PHO","home","MIN"
"20160314","POR","away","OKC"
"20160314","TOR","home","CHI"
"20160314","UTA","home","CLE"
"20160314","WSH","home","DET"
"20160315","BOS","away","IND"
"20160315","BKN","home","PHI"
"20160315","DEN","away","ORL"
"20160315","IND","home","BOS"
"20160315","LAC","away","SAS"
"20160315","LAL","home","SAC"
"20160315","MIL","home","TOR"
"20160315","ORL","home","DEN"
"20160315","PHI","away","BKN"
"20160315","SAC","away","LAL"
"20160315","SA","home","LAC"
"20160315","TOR","away","MIL"
"20160316","ATL","away","DET"
"20160316","BOS","home","OKC"
"20160316","CHA","home","ORL"
"20160316","CHI","away","WSH"
"20160316","CLE","home","DAL"
"20160316","DAL","away","CLE"
"20160316","DET","home","ATL"
"20160316","GS","home","NYK"
"20160316","HOU","home","LAC"
"20160316","LAC","away","HOU"
"20160316","MEM","home","MIN"
"20160316","MIN","away","MEM"
"20160316","NOR","away","SAC"
"20160316","NY","away","GS"
"20160316","OKC","away","BOS"
"20160316","ORL","away","CHA"
"20160316","SAC","home","NOR"
"20160316","WSH","home","CHI"
"20160317","ATL","home","DEN"
"20160317","BKN","away","CHI"
"20160317","CHA","away","MIA"
"20160317","CHI","home","BKN"
"20160317","DEN","away","ATL"
"20160317","IND","home","TOR"
"20160317","MEM","away","MIL"
"20160317","MIA","home","CHA"
"20160317","MIL","home","MEM"
"20160317","PHI","home","WSH"
"20160317","PHO","away","UTA"
"20160317","POR","away","SAS"
"20160317","SA","home","POR"
"20160317","TOR","away","IND"
"20160317","UTA","home","PHO"
"20160317","WSH","away","PHI"
"20160318","BOS","away","TOR"
"20160318","CLE","away","ORL"
"20160318","DAL","home","GS"
"20160318","DET","home","SAC"
"20160318","GS","away","DAL"
"20160318","HOU","home","MIN"
"20160318","LAL","home","PHO"
"20160318","MIN","away","HOU"
"20160318","NOR","home","POR"
"20160318","OKC","away","PHI"
"20160318","ORL","home","CLE"
"20160318","PHI","home","OKC"
"20160318","PHO","away","LAL"
"20160318","POR","away","NOR"
"20160318","SAC","away","DET"
"20160318","TOR","home","BOS"
"20160319","ATL","home","HOU"
"20160319","BKN","away","DET"
"20160319","CHA","home","DEN"
"20160319","CHI","home","UTA"
"20160319","CLE","away","MIA"
"20160319","DEN","away","CHA"
"20160319","DET","home","BKN"
"20160319","GS","away","SAS"
"20160319","HOU","away","ATL"
"20160319","IND","home","OKC"
"20160319","LAC","away","MEM"
"20160319","MEM","home","LAC"
"20160319","MIA","home","CLE"
"20160319","NY","away","WSH"
"20160319","OKC","away","IND"
"20160319","SA","home","GS"
"20160319","UTA","away","CHI"
"20160319","WSH","home","NYK"
"20160320","BOS","away","PHI"
"20160320","DAL","home","POR"
"20160320","LAC","away","NOR"
"20160320","MIL","home","UTA"
"20160320","NOR","home","LAC"
"20160320","NY","home","SAC"
"20160320","ORL","away","TOR"
"20160320","PHI","home","BOS"
"20160320","POR","away","DAL"
"20160320","SAC","away","NYK"
"20160320","TOR","home","ORL"
"20160320","UTA","away","MIL"
"20160321","ATL","home","WSH"
"20160321","BOS","home","ORL"
"20160321","CHA","home","SAS"
"20160321","CHI","home","SAC"
"20160321","CLE","home","DEN"
"20160321","DEN","away","CLE"
"20160321","DET","home","MIL"
"20160321","GS","away","MIN"
"20160321","IND","home","PHI"
"20160321","MEM","away","PHO"
"20160321","MIL","away","DET"
"20160321","MIN","home","GS"
"20160321","ORL","away","BOS"
"20160321","PHI","away","IND"
"20160321","PHO","home","MEM"
"20160321","SAC","away","CHI"
"20160321","SA","away","CHA"
"20160321","WSH","away","ATL"
"20160322","BKN","home","CHA"
"20160322","CHA","away","BKN"
"20160322","HOU","away","OKC"
"20160322","LAL","home","MEM"
"20160322","MEM","away","LAL"
"20160322","MIA","away","NOR"
"20160322","NOR","home","MIA"
"20160322","OKC","home","HOU"
"20160323","ATL","away","WSH"
"20160323","BOS","home","TOR"
"20160323","CHI","home","NYK"
"20160323","CLE","home","MIL"
"20160323","DAL","away","POR"
"20160323","DEN","home","PHI"
"20160323","DET","home","ORL"
"20160323","GS","home","LAC"
"20160323","HOU","home","UTA"
"20160323","LAC","away","GS"
"20160323","LAL","away","PHO"
"20160323","MIA","away","SAS"
"20160323","MIL","away","CLE"
"20160323","MIN","home","SAC"
"20160323","NY","away","CHI"
"20160323","ORL","away","DET"
"20160323","PHI","away","DEN"
"20160323","PHO","home","LAL"
"20160323","POR","home","DAL"
"20160323","SAC","away","MIN"
"20160323","SA","home","MIA"
"20160323","TOR","away","BOS"
"20160323","UTA","away","HOU"
"20160323","WSH","home","ATL"
"20160324","BKN","home","CLE"
"20160324","CHI","away","NYK"
"20160324","CLE","away","BKN"
"20160324","IND","home","NOR"
"20160324","LAC","home","POR"
"20160324","NOR","away","IND"
"20160324","NY","home","CHI"
"20160324","OKC","home","UTA"
"20160324","POR","away","LAC"
"20160324","UTA","away","OKC"
"20160325","ATL","home","MIL"
"20160325","CHA","away","DET"
"20160325","DAL","away","GS"
"20160325","DEN","away","LAL"
"20160325","DET","home","CHA"
"20160325","GS","home","DAL"
"20160325","HOU","home","TOR"
"20160325","LAL","home","DEN"
"20160325","MEM","away","SAS"
"20160325","MIA","home","ORL"
"20160325","MIL","away","ATL"
"20160325","MIN","away","WSH"
"20160325","ORL","away","MIA"
"20160325","PHO","away","SAC"
"20160325","SAC","home","PHO"
"20160325","SA","home","MEM"
"20160325","TOR","away","HOU"
"20160325","WSH","home","MIN"
"20160326","ATL","away","DET"
"20160326","BOS","away","PHO"
"20160326","BKN","home","IND"
"20160326","CHA","away","MIL"
"20160326","CHI","away","ORL"
"20160326","CLE","away","NYK"
"20160326","DET","home","ATL"
"20160326","IND","away","BKN"
"20160326","MIL","home","CHA"
"20160326","MIN","home","UTA"
"20160326","NOR","home","TOR"
"20160326","NY","home","CLE"
"20160326","OKC","home","SAS"
"20160326","ORL","home","CHI"
"20160326","PHI","away","POR"
"20160326","PHO","home","BOS"
"20160326","POR","home","PHI"
"20160326","SA","away","OKC"
"20160326","TOR","away","NOR"
"20160326","UTA","away","MIN"
"20160327","DAL","away","SAC"
"20160327","DEN","away","LAC"
"20160327","GS","home","PHI"
"20160327","HOU","away","IND"
"20160327","IND","home","HOU"
"20160327","LAC","home","DEN"
"20160327","LAL","home","WSH"
"20160327","PHI","away","GS"
"20160327","SAC","home","DAL"
"20160327","WSH","away","LAL"
"20160328","ATL","away","CHI"
"20160328","BOS","away","LAC"
"20160328","BKN","away","MIA"
"20160328","CHI","home","ATL"
"20160328","DAL","away","DEN"
"20160328","DEN","home","DAL"
"20160328","LAC","home","BOS"
"20160328","LAL","away","UTA"
"20160328","MEM","home","SAS"
"20160328","MIA","home","BKN"
"20160328","MIN","home","PHO"
"20160328","NOR","home","NYK"
"20160328","NY","away","NOR"
"20160328","OKC","away","TOR"
"20160328","PHO","away","MIN"
"20160328","POR","home","SAC"
"20160328","SAC","away","POR"
"20160328","SA","away","MEM"
"20160328","TOR","home","OKC"
"20160328","UTA","home","LAL"
"20160329","BKN","away","ORL"
"20160329","CHA","away","PHI"
"20160329","CHI","away","IND"
"20160329","CLE","home","HOU"
"20160329","DET","home","OKC"
"20160329","GS","home","WSH"
"20160329","HOU","away","CLE"
"20160329","IND","home","CHI"
"20160329","OKC","away","DET"
"20160329","ORL","home","BKN"
"20160329","PHI","home","CHA"
"20160329","WSH","away","GS"
"20160330","ATL","away","TOR"
"20160330","DAL","home","NYK"
"20160330","DEN","away","MEM"
"20160330","GS","away","UTA"
"20160330","LAC","away","MIN"
"20160330","LAL","home","MIA"
"20160330","MEM","home","DEN"
"20160330","MIA","away","LAL"
"20160330","MIL","home","PHO"
"20160330","MIN","home","LAC"
"20160330","NOR","away","SAS"
"20160330","NY","away","DAL"
"20160330","PHO","away","MIL"
"20160330","SAC","home","WSH"
"20160330","SA","home","NOR"
"20160330","TOR","home","ATL"
"20160330","UTA","home","GS"
"20160330","WSH","away","SAC"
"20160331","BOS","away","POR"
"20160331","BKN","away","CLE"
"20160331","CHI","away","HOU"
"20160331","CLE","home","BKN"
"20160331","DEN","away","NOR"
"20160331","HOU","home","CHI"
"20160331","IND","home","ORL"
"20160331","LAC","away","OKC"
"20160331","NOR","home","DEN"
"20160331","OKC","home","LAC"
"20160331","ORL","away","IND"
"20160331","POR","home","BOS"
"20160401","ATL","home","CLE"
"20160401","BOS","away","GS"
"20160401","BKN","away","NYK"
"20160401","CHA","home","PHI"
"20160401","CLE","away","ATL"
"20160401","DAL","away","DET"
"20160401","DET","home","DAL"
"20160401","GS","home","BOS"
"20160401","MEM","home","TOR"
"20160401","MIA","away","SAC"
"20160401","MIL","home","ORL"
"20160401","MIN","away","UTA"
"20160401","NY","home","BKN"
"20160401","ORL","away","MIL"
"20160401","PHI","away","CHA"
"20160401","PHO","home","WSH"
"20160401","SAC","home","MIA"
"20160401","TOR","away","MEM"
"20160401","UTA","home","MIN"
"20160401","WSH","away","PHO"
"20160402","CHI","home","DET"
"20160402","DEN","home","SAC"
"20160402","DET","away","CHI"
"20160402","IND","away","PHI"
"20160402","MIA","away","POR"
"20160402","PHI","home","IND"
"20160402","POR","home","MIA"
"20160402","SAC","away","DEN"
"20160402","SA","home","TOR"
"20160402","TOR","away","SAS"
"20160403","BOS","away","LAL"
"20160403","BKN","home","NOR"
"20160403","CHA","away","CLE"
"20160403","CHI","away","MIL"
"20160403","CLE","home","CHA"
"20160403","DAL","away","MIN"
"20160403","GS","home","POR"
"20160403","HOU","home","OKC"
"20160403","IND","away","NYK"
"20160403","LAC","home","WSH"
"20160403","LAL","home","BOS"
"20160403","MEM","away","ORL"
"20160403","MIL","home","CHI"
"20160403","MIN","home","DAL"
"20160403","NOR","away","BKN"
"20160403","NY","home","IND"
"20160403","OKC","away","HOU"
"20160403","ORL","home","MEM"
"20160403","PHO","home","UTA"
"20160403","POR","away","GS"
"20160403","UTA","away","PHO"
"20160403","WSH","away","LAC"
"20160405","ATL","home","PHO"
"20160405","CHA","away","TOR"
"20160405","CHI","away","MEM"
"20160405","CLE","away","MIL"
"20160405","DEN","home","OKC"
"20160405","DET","away","MIA"
"20160405","GS","home","MIN"
"20160405","LAC","home","LAL"
"20160405","LAL","away","LAC"
"20160405","MEM","home","CHI"
"20160405","MIA","home","DET"
"20160405","MIL","home","CLE"
"20160405","MIN","away","GS"
"20160405","NOR","away","PHI"
"20160405","OKC","away","DEN"
"20160405","PHI","home","NOR"
"20160405","PHO","away","ATL"
"20160405","POR","away","SAC"
"20160405","SAC","home","POR"
"20160405","SA","away","UTA"
"20160405","TOR","home","CHA"
"20160405","UTA","home","SAS"
"20160406","BOS","home","NOR"
"20160406","BKN","away","WSH"
"20160406","CHA","away","NYK"
"20160406","CLE","away","IND"
"20160406","DAL","home","HOU"
"20160406","DET","away","ORL"
"20160406","HOU","away","DAL"
"20160406","IND","home","CLE"
"20160406","LAC","away","LAL"
"20160406","LAL","home","LAC"
"20160406","NOR","away","BOS"
"20160406","NY","home","CHA"
"20160406","OKC","away","POR"
"20160406","ORL","home","DET"
"20160406","POR","home","OKC"
"20160406","WSH","home","BKN"
"20160407","ATL","home","TOR"
"20160407","CHI","away","MIA"
"20160407","GS","home","SAS"
"20160407","HOU","home","PHO"
"20160407","MIA","home","CHI"
"20160407","MIN","away","SAC"
"20160407","PHO","away","HOU"
"20160407","SAC","home","MIN"
"20160407","SA","away","GS"
"20160407","TOR","away","ATL"
"20160408","BOS","home","MIL"
"20160408","BKN","away","CHA"
"20160408","CHA","home","BKN"
"20160408","DAL","home","MEM"
"20160408","DEN","home","SAS"
"20160408","DET","home","WSH"
"20160408","IND","away","TOR"
"20160408","LAC","away","UTA"
"20160408","LAL","away","NOR"
"20160408","MEM","away","DAL"
"20160408","MIA","away","ORL"
"20160408","MIL","away","BOS"
"20160408","NOR","home","LAL"
"20160408","NY","away","PHI"
"20160408","ORL","home","MIA"
"20160408","PHI","home","NYK"
"20160408","SA","away","DEN"
"20160408","TOR","home","IND"
"20160408","UTA","home","LAC"
"20160408","WSH","away","DET"
"20160409","ATL","home","BOS"
"20160409","BOS","away","ATL"
"20160409","CHI","home","CLE"
"20160409","CLE","away","CHI"
"20160409","GS","away","MEM"
"20160409","MEM","home","GS"
"20160409","MIN","away","POR"
"20160409","NOR","home","PHO"
"20160409","OKC","away","SAC"
"20160409","PHO","away","NOR"
"20160409","POR","home","MIN"
"20160409","SAC","home","OKC"
"20160410","BKN","away","IND"
"20160410","CHA","away","WSH"
"20160410","DAL","away","LAC"
"20160410","DEN","home","UTA"
"20160410","GS","away","SAS"
"20160410","HOU","home","LAL"
"20160410","IND","home","BKN"
"20160410","LAC","home","DAL"
"20160410","LAL","away","HOU"
"20160410","MIA","home","ORL"
"20160410","MIL","away","PHI"
"20160410","NY","home","TOR"
"20160410","ORL","away","MIA"
"20160410","PHI","home","MIL"
"20160410","SA","home","GS"
"20160410","TOR","away","NYK"
"20160410","UTA","away","DEN"
"20160410","WSH","home","CHA"
"20160411","ATL","away","CLE"
"20160411","BOS","home","CHA"
"20160411","BKN","home","WSH"
"20160411","CHA","away","BOS"
"20160411","CHI","away","NOR"
"20160411","CLE","home","ATL"
"20160411","DAL","away","UTA"
"20160411","HOU","away","MIN"
"20160411","LAL","away","OKC"
"20160411","MIL","away","ORL"
"20160411","MIN","home","HOU"
"20160411","NOR","home","CHI"
"20160411","OKC","home","LAL"
"20160411","ORL","home","MIL"
"20160411","PHO","home","SAC"
"20160411","SAC","away","PHO"
"20160411","UTA","home","DAL"
"20160411","WSH","away","BKN"
"20160412","DET","home","MIA"
"20160412","IND","home","NYK"
"20160412","LAC","home","MEM"
"20160412","MEM","away","LAC"
"20160412","MIA","away","DET"
"20160412","NY","away","IND"
"20160412","OKC","away","SAS"
"20160412","PHI","away","TOR"
"20160412","SA","home","OKC"
"20160412","TOR","home","PHI"
"20160413","ATL","away","WSH"
"20160413","BOS","home","MIA"
"20160413","BKN","home","TOR"
"20160413","CHA","home","ORL"
"20160413","CHI","home","PHI"
"20160413","CLE","home","DET"
"20160413","DAL","home","SAS"
"20160413","DEN","away","POR"
"20160413","DET","away","CLE"
"20160413","GS","home","MEM"
"20160413","HOU","home","SAC"
"20160413","IND","away","MIL"
"20160413","LAC","away","PHO"
"20160413","LAL","home","UTA"
"20160413","MEM","away","GS"
"20160413","MIA","away","BOS"
"20160413","MIL","home","IND"
"20160413","MIN","home","NOR"
"20160413","NOR","away","MIN"
"20160413","ORL","away","CHA"
"20160413","PHI","away","CHI"
"20160413","PHO","home","LAC"
"20160413","POR","home","DEN"
"20160413","SAC","away","HOU"
"20160413","SA","away","DAL"
"20160413","TOR","away","BKN"
"20160413","UTA","away","LAL"
"20160413","WSH","home","ATL"
